App,id,userid
Coloring book moana,0,2
"U Launcher Lite – FREE Live Cool Themes, Hide Apps",1,2
Sketch - Draw & Paint,2,2
Pixel Draw - Number Art Coloring Book,3,2
Smoke Effect Photo Maker - Smoke Editor,4,2
Infinite Painter,5,2
Garden Coloring Book,6,2
Kids Paint Free - Drawing Fun,7,2
Text on Photo - Fonteee,8,2
Name Art Photo Editor - Focus n Filters,9,2
Tattoo Name On My Photo Editor,10,2
Mandala Coloring Book,11,3
3D Color Pixel by Number - Sandbox Art Coloring,12,3
Photo Designer - Write your name with shapes,13,3
350 Diy Room Decor Ideas,14,3
FlipaClip - Cartoon animation,15,3
ibis Paint X,16,3
Logo Maker - Small Business,17,3
Boys Photo Editor - Six Pack & Men's Suit,18,3
Superheroes Wallpapers | 4K Backgrounds,19,3
Mcqueen Coloring pages,20,3
Harley Quinn wallpapers HD,21,3
Colorfit - Drawing & Coloring,23,3
Animated Photo Editor,24,3
Pink Silver Bow Keyboard Theme,25,3
Art Drawing Ideas,26,3
Anime Manga Coloring Book,27,4
Easy Origami Ideas,28,4
UNICORN - Color By Number & Pixel Art Coloring,29,4
Floor Plan Creator,30,4
PIP Camera - PIP Collage Maker,31,4
Drawing Clothes Fashion Ideas,32,4
Sad Poetry Photo Frames 2018,33,4
Popsicle Sticks and Similar DIY Craft Ideas,34,4
Little Teddy Bear Colouring Book Game,35,4
How To Draw Food,36,4
E-Book Read - Read Book for free,38,4
Wikipedia,39,5
Amazon Kindle,40,5
Cool Reader,41,5
Dictionary - Merriam-Webster,42,5
NOOK: Read eBooks & Magazines,43,5
Free Panda Radio Music,44,5
Book store,45,5
FBReader: Favorite Book Reader,46,5
English Grammar Complete Handbook,47,5
Free Books - Spirit Fanfiction and Stories,48,5
Google Play Books,49,5
Offline English Dictionary,50,5
Oxford Dictionary of English : Free,51,6
Offline: English to Tagalog Dictionary,52,6
Spanish English Translator,53,6
FamilySearch Tree,54,6
ReadEra – free ebook reader,55,6
Ebook Reader,56,6
Litnet - E-books,57,6
Read books online,58,6
English to Urdu Dictionary,59,6
eBoox: book reader fb2 epub zip,60,7
English Persian Dictionary,61,7
Flybook,62,7
All Maths Formulas,63,7
Ancestry,64,7
English translation from Bengali,65,7
Free Book Reader,66,7
eBoox new: Reader for fb2 epub zip books,67,7
Moon+ Reader,68,7
English-Myanmar Dictionary,69,7
Golden Dictionary (EN-AR),70,8
All Language Translator Free,71,8
Azpen eReader,72,8
English Dictionary - Offline,73,8
ADP Mobile Solutions,74,8
OfficeSuite : Free Office + PDF Editor,75,8
USPS MOBILE®,76,8
Google Primer,77,8
SuperLivePro,78,8
Polaris Office for LG,79,8
Call Blocker,80,9
Plugin:AOT v5.0,81,9
Kariyer.net,82,9
ZOOM Cloud Meetings,83,9
"IndiaMART: Search Products, Buy, Sell & Trade",84,9
ViettelPost express delivery,85,9
MyASUS - Service Center,86,9
Secure Folder,87,9
Fast Scanner : Free PDF Scan,88,9
Mobile Doc Scanner (MDScan) Lite,89,9
TurboScan: scan documents and receipts in PDF,90,9
Tiny Scanner Pro: PDF Doc Scan,91,10
Box,92,10
Zenefits,93,10
Google Ads,94,10
Google My Business,95,10
Slack,96,10
Insightly CRM,97,10
QuickBooks Accounting: Invoicing & Expenses,98,10
HipChat - Chat Built for Teams,99,10
"MailChimp - Email, Marketing Automation",100,10
Crew - Free Messaging and Scheduling,101,10
Asana: organize team projects,102,11
Google Analytics,103,11
AdWords Express,104,11
Accounting App - Zoho Books,105,11
Invoice & Time Tracking - Zoho,106,11
join.me - Simple Meetings,107,11
Invoice 2go — Professional Invoices and Estimates,108,11
Cisco Webex Meetings,109,11
ZOOM Cloud Meetings,110,11
Cisco Webex Teams,111,11
Start Meeting,112,12
ClickMeeting Webinars,113,12
BlueJeans for Android,114,12
Insightly CRM,115,12
QuickBooks Accounting: Invoicing & Expenses,116,12
HipChat - Chat Built for Teams,117,12
"MailChimp - Email, Marketing Automation",118,12
Crew - Free Messaging and Scheduling,119,12
Asana: organize team projects,120,12
Google Analytics,121,12
AdWords Express,122,12
Accounting App - Zoho Books,123,12
Tiny Scanner - PDF Scanner App,124,12
Fast Scanner : Free PDF Scan,125,13
Mobile Doc Scanner (MDScan) Lite,126,13
TurboScan: scan documents and receipts in PDF,127,13
WhatsApp Messenger,128,13
Messenger for SMS,129,13
Google Chrome: Fast & Secure,130,13
Messenger Lite: Free Calls & Messages,131,13
Gmail,132,13
Hangouts,133,13
Firefox Browser fast & private,134,13
Yahoo Mail – Stay Organized,135,13
imo free video calls and chat,136,14
Call Free – Free Call,137,14
Web Browser & Explorer,138,14
Opera Mini - fast web browser,139,14
Xperia Link™,140,14
TouchPal Keyboard - Fun Emoji & Android Keyboard,141,14
Skype Lite - Free Video Call & Chat,142,14
WeChat,143,14
UC Browser Mini -Tiny Fast Private & Secure,144,14
Telegram,145,14
Google Duo - High Quality Video Calls,146,14
Microsoft Edge,147,14
Calls & Text by Mo+,148,15
free video calls and chat,149,15
BBM - Free Calls & Messages,150,15
2ndLine - Second Phone Number,151,15
Google Allo,152,15
Puffin Web Browser,153,15
Ghostery Privacy Browser,154,15
InBrowser - Incognito Browsing,155,15
DU Browser—Browse fast & fun,156,15
Lightning Web Browser,157,15
ExDialer - Dialer & Contacts,158,15
Full Screen Caller ID,159,15
Hiya - Caller ID & Block,160,16
Call Blocker,161,16
Mr. Number-Block calls & spam,162,16
Should I Answer?,163,16
Whoscall - Caller ID & Block,164,16
CIA - Caller ID & Call Blocker,165,16
True Contact - Real Caller ID,166,16
Sync.ME – Caller ID & Block,167,16
K-9 Mail,168,16
"myMail – Email for Hotmail, Gmail and Outlook Mail",169,16
All Email Providers,170,16
"Newton Mail - Email App for Gmail, Outlook, IMAP",171,17
Ai La Trieu Phu - ALTP Free,172,17
Learn Spanish - Español,173,17
English Grammar Test,174,17
Speed Reading,175,17
English for beginners,176,17
Mermaids,177,17
Kids Mode,178,17
Cars Coloring Pages,179,17
Babbel – Learn Languages,180,17
Math Tricks,181,17
Learn English Words Free,182,17
Japanese / English one-shop search dictionary - Free Japanese - English - Japanese dictionary application,183,18
English speaking texts,184,18
ABC Preschool Free,185,18
Lumosity: #1 Brain Games & Cognitive Training App,186,18
English with Lingualeo,187,18
"Learn languages, grammar & vocabulary with Memrise",188,18
TED,189,18
Quizlet: Learn Languages & Vocab with Flashcards,190,18
Coursera: Online courses,191,18
Lynda - Online Training Videos,192,18
Brilliant,193,18
C++ Tutorials,194,19
C++ Programming,195,19
C Programming,196,19
Udemy - Online Courses,197,19
Learn programming,198,19
Learn Java,199,19
Learn HTML,200,19
"Programming Hub, Learn to code",201,19
Learn SQL,202,19
Ready4 SAT (Prep4 SAT),203,19
Socratic - Math Answers & Homework Help,204,19
Pocket GMAT Math,205,20
GRE Tutor,206,20
GRE Flashcards,207,20
SAT Test,208,20
GMAT Math Flashcards,209,20
Pocket SAT Math,210,20
GRE Prep & Practice by Magoosh,211,20
SAT Vocabulary,212,20
Duolingo: Learn Languages Free,213,20
"edX - Online Courses by Harvard, MIT & more",214,20
Rosetta Stone: Learn to Speak & Read New Languages,215,20
Google Classroom,216,21
"Learn languages, grammar & vocabulary with Memrise",217,21
Babbel – Learn Languages,218,21
Learn English with Phrases,219,21
Mango Languages: Lovable Language Courses,220,21
Learn English with Aco,221,21
Learn to Speak English,222,21
"Learn languages, grammar & vocabulary with Memrise",223,21
"busuu: Learn Languages - Spanish, English & More",224,21
My Class Schedule: Timetable,225,21
My Study Life - School Planner,226,21
Next Gen Science Standards,227,22
myHomework Student Planner,228,22
Common Core,229,22
Socrative Teacher,230,22
Remind: School Communication,231,22
"HelloTalk — Chat, Speak & Learn Foreign Languages",232,22
Mango Languages: Lovable Language Courses,233,22
Innovative: Learn 34 Languages,234,22
My Class Schedule: Timetable,235,22
Canvas Student,236,23
Quizlet: Learn Languages & Vocab with Flashcards,237,23
SoloLearn: Learn to Code for Free,238,23
Kids Learn Languages by Mondly,239,23
Sago Mini Hat Maker,240,23
Fuzzy Numbers: Pre-K Number Foundation,241,23
Toca Life: City,242,23
Toca Life: Hospital,243,23
YouTube Kids,244,23
TV+,245,23
Hotstar,246,23
StarTimes - Live International Champions Cup,247,23
MEGOGO - Cinema and TV,248,23
Talking Angela,249,23
DStv Now,250,23
Radio Javan,251,24
Girly Lock Screen Wallpaper with Quotes,252,24
"Movies by Flixster, with Rotten Tomatoes",253,24
Low Poly – Puzzle art game,254,24
BBC Media Player,255,24
Amazon Prime Video,256,24
Adult Glitter Color by Number Book - Sandbox Pages,257,24
Talking Ben the Dog,258,24
Trailer Addict Movie Trailers,259,24
Cinemark Theatres,260,24
IMDb Movies & TV,261,24
Netflix,262,25
Food Network,263,25
Crunchyroll - Everything Anime,264,25
STARZ,265,25
HISTORY: Watch TV Show Full Episodes & Specials,266,25
FOX NOW - On Demand & Live TV,267,25
A&E - Watch Full Episodes of TV Shows,268,25
The CW,269,25
"Hulu: Stream TV, Movies & more",270,25
Univision NOW - Live TV and On Demand,271,25
WWE,272,25
Universal Kids,273,25
MTV,274,26
BET NOW - Watch Shows,275,26
LEGO® TV,276,26
Showtime Anytime,277,26
PlayKids - Educational cartoons and games for kids,278,26
FOX,279,26
Tubi TV - Free Movies & TV,280,26
Vudu Movies & TV,281,26
Crunchyroll - Everything Anime,282,26
Food Network,283,26
Viki: Asian TV Dramas & Movies,284,26
Redbox,285,27
Tribeca Shortlist - Handpicked Movies,286,27
SHOWTIME,287,27
Lifetime - Watch Full Episodes & Original Movies,288,27
BET NOW - Watch Shows,289,27
FOX,290,27
Telemundo Now,291,27
Nick Jr. - Shows & Games,292,27
Sticker Market: Emoji keyboard,293,27
Viki: Asian TV Dramas & Movies,294,27
Kidjo TV Kids Have Fun & Learn,295,27
Laugh Out Loud by Kevin Hart,296,28
Fandango Movies - Times + Tickets,297,28
Hamilton — The Official App,298,28
My Talking Pet,299,28
Funny Quotes Free,300,28
"Imgur: Find funny GIFs, memes & watch viral videos",301,28
Meme Generator,302,28
SketchBook - draw and paint,303,28
Colorfy: Coloring Book for Adults - Free,304,28
ROBLOX,305,28
Subway Surfers,306,28
Solitaire,307,28
Bubble Shooter,308,28
Hello Kitty Nail Salon,309,29
slither.io,310,29
Clash Royale,311,29
Temple Run 2,312,29
Helix Jump,313,29
Block Puzzle,314,29
Angry Birds Rio,315,29
Plants vs. Zombies FREE,316,29
Sonic Dash,317,29
Candy Crush Soda Saga,318,30
Zombie Hunter King,319,30
Clash of Clans,320,30
Kick the Buddy,321,30
Block Puzzle Classic Legend !,322,30
PAC-MAN,323,30
8 Ball Pool,324,30
Magic Tiles 3,325,30
Bubble Witch 3 Saga,326,30
Word Search,327,30
Angry Birds Classic,328,30
Flow Free,329,31
Race the Traffic Moto,330,31
Fishdom,331,31
Galaxy Attack: Alien Shooter,332,31
Zombie Tsunami,333,31
Gardenscapes,334,31
Marble - Temple Quest,335,31
Shooting King,336,31
Minion Rush: Despicable Me Official Game,337,31
Farm Heroes Saga,338,31
Geometry Dash World,339,31
Cut the Rope FULL FREE,340,32
Sniper 3D Gun Shooter: Free Shooting Games - FPS,341,32
Subway Surfers,342,32
ROBLOX,343,32
Clash of Clans,344,32
Candy Crush Saga,345,32
Plants vs. Zombies FREE,346,32
Cooking Fever,347,32
Toon Blast,348,32
Score! Hero,349,32
Toy Blast,350,32
Wordscapes,351,33
Fishdom,352,33
Garena Free Fire,353,33
Block Puzzle,354,33
Clash Royale,355,33
My Talking Tom,356,33
Granny,357,33
Zombie Catchers,358,33
Zombie Tsunami,359,33
Jungle Marble Blast,360,33
Rider,361,33
Coloring book moana,0,33
"U Launcher Lite – FREE Live Cool Themes, Hide Apps",1,15
Sketch - Draw & Paint,2,14
Pixel Draw - Number Art Coloring Book,3,11
Smoke Effect Photo Maker - Smoke Editor,4,20
Infinite Painter,5,16
Garden Coloring Book,6,13
Kids Paint Free - Drawing Fun,7,19
Text on Photo - Fonteee,8,30
Name Art Photo Editor - Focus n Filters,9,25
Tattoo Name On My Photo Editor,10,15
Mandala Coloring Book,11,8
3D Color Pixel by Number - Sandbox Art Coloring,12,22
Photo Designer - Write your name with shapes,13,8
350 Diy Room Decor Ideas,14,14
FlipaClip - Cartoon animation,15,3
ibis Paint X,16,22
Logo Maker - Small Business,17,25
Boys Photo Editor - Six Pack & Men's Suit,18,19
Superheroes Wallpapers | 4K Backgrounds,19,13
Mcqueen Coloring pages,20,14
Harley Quinn wallpapers HD,21,11
Colorfit - Drawing & Coloring,23,14
Animated Photo Editor,24,6
Pink Silver Bow Keyboard Theme,25,30
Art Drawing Ideas,26,14
Anime Manga Coloring Book,27,32
Easy Origami Ideas,28,27
UNICORN - Color By Number & Pixel Art Coloring,29,15
Floor Plan Creator,30,13
PIP Camera - PIP Collage Maker,31,17
Drawing Clothes Fashion Ideas,32,32
Sad Poetry Photo Frames 2018,33,12
Popsicle Sticks and Similar DIY Craft Ideas,34,25
Little Teddy Bear Colouring Book Game,35,9
How To Draw Food,36,20
E-Book Read - Read Book for free,38,17
Wikipedia,39,19
Amazon Kindle,40,28
Cool Reader,41,20
Dictionary - Merriam-Webster,42,2
NOOK: Read eBooks & Magazines,43,21
Free Panda Radio Music,44,16
Book store,45,7
FBReader: Favorite Book Reader,46,17
English Grammar Complete Handbook,47,22
Free Books - Spirit Fanfiction and Stories,48,22
Google Play Books,49,10
Offline English Dictionary,50,30
Oxford Dictionary of English : Free,51,26
Offline: English to Tagalog Dictionary,52,18
Spanish English Translator,53,9
FamilySearch Tree,54,10
ReadEra – free ebook reader,55,5
Ebook Reader,56,4
Litnet - E-books,57,21
Read books online,58,9
English to Urdu Dictionary,59,10
eBoox: book reader fb2 epub zip,60,14
English Persian Dictionary,61,21
Flybook,62,7
All Maths Formulas,63,13
Ancestry,64,11
English translation from Bengali,65,15
Free Book Reader,66,8
eBoox new: Reader for fb2 epub zip books,67,5
Moon+ Reader,68,28
English-Myanmar Dictionary,69,8
Golden Dictionary (EN-AR),70,33
All Language Translator Free,71,16
Azpen eReader,72,5
English Dictionary - Offline,73,15
ADP Mobile Solutions,74,14
OfficeSuite : Free Office + PDF Editor,75,5
USPS MOBILE®,76,17
Google Primer,77,11
SuperLivePro,78,27
Polaris Office for LG,79,7
Call Blocker,80,33
Plugin:AOT v5.0,81,31
Kariyer.net,82,18
ZOOM Cloud Meetings,83,29
"IndiaMART: Search Products, Buy, Sell & Trade",84,20
ViettelPost express delivery,85,27
MyASUS - Service Center,86,25
Secure Folder,87,8
Fast Scanner : Free PDF Scan,88,32
Mobile Doc Scanner (MDScan) Lite,89,24
TurboScan: scan documents and receipts in PDF,90,25
Tiny Scanner Pro: PDF Doc Scan,91,16
Box,92,31
Zenefits,93,26
Google Ads,94,13
Google My Business,95,25
Slack,96,17
Insightly CRM,97,33
QuickBooks Accounting: Invoicing & Expenses,98,26
HipChat - Chat Built for Teams,99,7
"MailChimp - Email, Marketing Automation",100,2
Crew - Free Messaging and Scheduling,101,9
Asana: organize team projects,102,29
Google Analytics,103,10
AdWords Express,104,28
Accounting App - Zoho Books,105,14
Invoice & Time Tracking - Zoho,106,28
join.me - Simple Meetings,107,3
Invoice 2go — Professional Invoices and Estimates,108,5
Cisco Webex Meetings,109,27
ZOOM Cloud Meetings,110,26
Cisco Webex Teams,111,28
Start Meeting,112,11
ClickMeeting Webinars,113,25
BlueJeans for Android,114,18
Insightly CRM,115,32
QuickBooks Accounting: Invoicing & Expenses,116,17
HipChat - Chat Built for Teams,117,3
"MailChimp - Email, Marketing Automation",118,4
Crew - Free Messaging and Scheduling,119,19
Asana: organize team projects,120,11
Google Analytics,121,9
AdWords Express,122,32
Accounting App - Zoho Books,123,29
Tiny Scanner - PDF Scanner App,124,12
Fast Scanner : Free PDF Scan,125,17
Mobile Doc Scanner (MDScan) Lite,126,27
TurboScan: scan documents and receipts in PDF,127,31
WhatsApp Messenger,128,26
Messenger for SMS,129,30
Google Chrome: Fast & Secure,130,8
Messenger Lite: Free Calls & Messages,131,16
Gmail,132,19
Hangouts,133,6
Firefox Browser fast & private,134,15
Yahoo Mail – Stay Organized,135,4
imo free video calls and chat,136,32
Call Free – Free Call,137,27
Web Browser & Explorer,138,17
Opera Mini - fast web browser,139,13
Xperia Link™,140,14
TouchPal Keyboard - Fun Emoji & Android Keyboard,141,11
Skype Lite - Free Video Call & Chat,142,10
WeChat,143,22
UC Browser Mini -Tiny Fast Private & Secure,144,5
Telegram,145,8
Google Duo - High Quality Video Calls,146,6
Microsoft Edge,147,33
Calls & Text by Mo+,148,14
free video calls and chat,149,3
BBM - Free Calls & Messages,150,3
2ndLine - Second Phone Number,151,19
Google Allo,152,19
Puffin Web Browser,153,12
Ghostery Privacy Browser,154,13
InBrowser - Incognito Browsing,155,27
DU Browser—Browse fast & fun,156,15
Lightning Web Browser,157,13
ExDialer - Dialer & Contacts,158,27
Full Screen Caller ID,159,11
Hiya - Caller ID & Block,160,30
Call Blocker,161,24
Mr. Number-Block calls & spam,162,7
Should I Answer?,163,14
Whoscall - Caller ID & Block,164,10
CIA - Caller ID & Call Blocker,165,2
True Contact - Real Caller ID,166,33
Sync.ME – Caller ID & Block,167,7
K-9 Mail,168,20
"myMail – Email for Hotmail, Gmail and Outlook Mail",169,24
All Email Providers,170,4
"Newton Mail - Email App for Gmail, Outlook, IMAP",171,23
Ai La Trieu Phu - ALTP Free,172,17
Learn Spanish - Español,173,24
English Grammar Test,174,24
Speed Reading,175,23
English for beginners,176,7
Mermaids,177,23
Kids Mode,178,15
Cars Coloring Pages,179,8
Babbel – Learn Languages,180,29
Math Tricks,181,20
Learn English Words Free,182,29
Japanese / English one-shop search dictionary - Free Japanese - English - Japanese dictionary application,183,19
English speaking texts,184,12
ABC Preschool Free,185,2
Lumosity: #1 Brain Games & Cognitive Training App,186,8
English with Lingualeo,187,5
"Learn languages, grammar & vocabulary with Memrise",188,2
TED,189,17
Quizlet: Learn Languages & Vocab with Flashcards,190,31
Coursera: Online courses,191,7
Lynda - Online Training Videos,192,26
Brilliant,193,32
C++ Tutorials,194,5
C++ Programming,195,16
C Programming,196,33
Udemy - Online Courses,197,23
Learn programming,198,20
Learn Java,199,18
Learn HTML,200,21
"Programming Hub, Learn to code",201,20
Learn SQL,202,19
Ready4 SAT (Prep4 SAT),203,13
Socratic - Math Answers & Homework Help,204,18
Pocket GMAT Math,205,12
GRE Tutor,206,17
GRE Flashcards,207,14
SAT Test,208,13
GMAT Math Flashcards,209,28
Pocket SAT Math,210,9
GRE Prep & Practice by Magoosh,211,8
SAT Vocabulary,212,31
Duolingo: Learn Languages Free,213,32
"edX - Online Courses by Harvard, MIT & more",214,29
Rosetta Stone: Learn to Speak & Read New Languages,215,16
Google Classroom,216,26
"Learn languages, grammar & vocabulary with Memrise",217,11
Babbel – Learn Languages,218,19
Learn English with Phrases,219,28
Mango Languages: Lovable Language Courses,220,2
Learn English with Aco,221,27
Learn to Speak English,222,24
"Learn languages, grammar & vocabulary with Memrise",223,8
"busuu: Learn Languages - Spanish, English & More",224,21
My Class Schedule: Timetable,225,18
My Study Life - School Planner,226,14
Next Gen Science Standards,227,10
myHomework Student Planner,228,13
Common Core,229,11
Socrative Teacher,230,20
Remind: School Communication,231,21
"HelloTalk — Chat, Speak & Learn Foreign Languages",232,26
Mango Languages: Lovable Language Courses,233,25
Innovative: Learn 34 Languages,234,23
My Class Schedule: Timetable,235,29
Canvas Student,236,31
Quizlet: Learn Languages & Vocab with Flashcards,237,13
SoloLearn: Learn to Code for Free,238,4
Kids Learn Languages by Mondly,239,22
Sago Mini Hat Maker,240,12
Fuzzy Numbers: Pre-K Number Foundation,241,27
Toca Life: City,242,26
Toca Life: Hospital,243,11
YouTube Kids,244,9
TV+,245,32
Hotstar,246,7
StarTimes - Live International Champions Cup,247,28
MEGOGO - Cinema and TV,248,31
Talking Angela,249,24
DStv Now,250,4
Radio Javan,251,29
Girly Lock Screen Wallpaper with Quotes,252,16
"Movies by Flixster, with Rotten Tomatoes",253,9
Low Poly – Puzzle art game,254,31
BBC Media Player,255,12
Amazon Prime Video,256,27
Adult Glitter Color by Number Book - Sandbox Pages,257,5
Talking Ben the Dog,258,8
Trailer Addict Movie Trailers,259,23
Cinemark Theatres,260,6
IMDb Movies & TV,261,13
Netflix,262,21
Food Network,263,18
Crunchyroll - Everything Anime,264,33
STARZ,265,33
HISTORY: Watch TV Show Full Episodes & Specials,266,21
FOX NOW - On Demand & Live TV,267,21
A&E - Watch Full Episodes of TV Shows,268,26
The CW,269,10
"Hulu: Stream TV, Movies & more",270,8
Univision NOW - Live TV and On Demand,271,15
WWE,272,2
Universal Kids,273,21
MTV,274,15
BET NOW - Watch Shows,275,26
LEGO® TV,276,22
Showtime Anytime,277,32
PlayKids - Educational cartoons and games for kids,278,3
FOX,279,28
Tubi TV - Free Movies & TV,280,16
Vudu Movies & TV,281,32
Crunchyroll - Everything Anime,282,11
Food Network,283,15
Viki: Asian TV Dramas & Movies,284,28
Redbox,285,20
Tribeca Shortlist - Handpicked Movies,286,17
SHOWTIME,287,27
Lifetime - Watch Full Episodes & Original Movies,288,6
BET NOW - Watch Shows,289,19
FOX,290,2
Telemundo Now,291,26
Nick Jr. - Shows & Games,292,9
Sticker Market: Emoji keyboard,293,12
Viki: Asian TV Dramas & Movies,294,16
Kidjo TV Kids Have Fun & Learn,295,29
Laugh Out Loud by Kevin Hart,296,25
Fandango Movies - Times + Tickets,297,10
Hamilton — The Official App,298,10
My Talking Pet,299,32
Funny Quotes Free,300,30
"Imgur: Find funny GIFs, memes & watch viral videos",301,18
Meme Generator,302,21
SketchBook - draw and paint,303,7
Colorfy: Coloring Book for Adults - Free,304,25
ROBLOX,305,11
Subway Surfers,306,20
Solitaire,307,29
Bubble Shooter,308,2
Hello Kitty Nail Salon,309,17
slither.io,310,2
Clash Royale,311,5
Temple Run 2,312,18
Helix Jump,313,33
Block Puzzle,314,32
Angry Birds Rio,315,21
Plants vs. Zombies FREE,316,25
Sonic Dash,317,11
Candy Crush Soda Saga,318,2
Zombie Hunter King,319,23
Clash of Clans,320,19
Kick the Buddy,321,14
Block Puzzle Classic Legend !,322,28
PAC-MAN,323,7
8 Ball Pool,324,11
Magic Tiles 3,325,23
Bubble Witch 3 Saga,326,29
Word Search,327,32
Angry Birds Classic,328,14
Flow Free,329,27
Race the Traffic Moto,330,28
Fishdom,331,24
Galaxy Attack: Alien Shooter,332,28
Zombie Tsunami,333,13
Gardenscapes,334,15
Marble - Temple Quest,335,27
Shooting King,336,25
Minion Rush: Despicable Me Official Game,337,2
Farm Heroes Saga,338,33
Geometry Dash World,339,20
Cut the Rope FULL FREE,340,16
Sniper 3D Gun Shooter: Free Shooting Games - FPS,341,16
Subway Surfers,342,24
ROBLOX,343,12
Clash of Clans,344,17
Candy Crush Saga,345,6
Plants vs. Zombies FREE,346,7
Cooking Fever,347,32
Toon Blast,348,29
Score! Hero,349,16
Toy Blast,350,14
Wordscapes,351,12
Fishdom,352,8
Garena Free Fire,353,4
Block Puzzle,354,15
Clash Royale,355,22
My Talking Tom,356,30
Granny,357,18
Zombie Catchers,358,25
Zombie Tsunami,359,26
Jungle Marble Blast,360,16
Rider,361,10
