App,id
Coloring book moana,0
"U Launcher Lite – FREE Live Cool Themes, Hide Apps",1
Sketch - Draw & Paint,2
Pixel Draw - Number Art Coloring Book,3
Smoke Effect Photo Maker - Smoke Editor,4
Infinite Painter,5
Garden Coloring Book,6
Kids Paint Free - Drawing Fun,7
Text on Photo - Fonteee,8
Name Art Photo Editor - Focus n Filters,9
Tattoo Name On My Photo Editor,10
Mandala Coloring Book,11
3D Color Pixel by Number - Sandbox Art Coloring,12
Photo Designer - Write your name with shapes,13
350 Diy Room Decor Ideas,14
FlipaClip - Cartoon animation,15
ibis Paint X,16
Logo Maker - Small Business,17
Boys Photo Editor - Six Pack & Men's Suit,18
Superheroes Wallpapers | 4K Backgrounds,19
Mcqueen Coloring pages,20
Harley Quinn wallpapers HD,21
Colorfit - Drawing & Coloring,23
Animated Photo Editor,24
Pink Silver Bow Keyboard Theme,25
Art Drawing Ideas,26
Anime Manga Coloring Book,27
Easy Origami Ideas,28
UNICORN - Color By Number & Pixel Art Coloring,29
Floor Plan Creator,30
PIP Camera - PIP Collage Maker,31
Drawing Clothes Fashion Ideas,32
Sad Poetry Photo Frames 2018,33
Popsicle Sticks and Similar DIY Craft Ideas,34
Little Teddy Bear Colouring Book Game,35
How To Draw Food,36
E-Book Read - Read Book for free,38
Wikipedia,39
Amazon Kindle,40
Cool Reader,41
Dictionary - Merriam-Webster,42
NOOK: Read eBooks & Magazines,43
Free Panda Radio Music,44
Book store,45
FBReader: Favorite Book Reader,46
English Grammar Complete Handbook,47
Free Books - Spirit Fanfiction and Stories,48
Google Play Books,49
Offline English Dictionary,50
Oxford Dictionary of English : Free,51
Offline: English to Tagalog Dictionary,52
Spanish English Translator,53
FamilySearch Tree,54
ReadEra – free ebook reader,55
Ebook Reader,56
Litnet - E-books,57
Read books online,58
English to Urdu Dictionary,59
eBoox: book reader fb2 epub zip,60
English Persian Dictionary,61
Flybook,62
All Maths Formulas,63
Ancestry,64
English translation from Bengali,65
Free Book Reader,66
eBoox new: Reader for fb2 epub zip books,67
Moon+ Reader,68
English-Myanmar Dictionary,69
Golden Dictionary (EN-AR),70
All Language Translator Free,71
Azpen eReader,72
English Dictionary - Offline,73
ADP Mobile Solutions,74
OfficeSuite : Free Office + PDF Editor,75
USPS MOBILE®,76
Google Primer,77
SuperLivePro,78
Polaris Office for LG,79
Call Blocker,80
Plugin:AOT v5.0,81
Kariyer.net,82
ZOOM Cloud Meetings,83
"IndiaMART: Search Products, Buy, Sell & Trade",84
ViettelPost express delivery,85
MyASUS - Service Center,86
Secure Folder,87
Fast Scanner : Free PDF Scan,88
Mobile Doc Scanner (MDScan) Lite,89
TurboScan: scan documents and receipts in PDF,90
Tiny Scanner Pro: PDF Doc Scan,91
Box,92
Zenefits,93
Google Ads,94
Google My Business,95
Slack,96
Insightly CRM,97
QuickBooks Accounting: Invoicing & Expenses,98
HipChat - Chat Built for Teams,99
"MailChimp - Email, Marketing Automation",100
Crew - Free Messaging and Scheduling,101
Asana: organize team projects,102
Google Analytics,103
AdWords Express,104
Accounting App - Zoho Books,105
Invoice & Time Tracking - Zoho,106
join.me - Simple Meetings,107
Invoice 2go — Professional Invoices and Estimates,108
Cisco Webex Meetings,109
ZOOM Cloud Meetings,110
Cisco Webex Teams,111
Start Meeting,112
ClickMeeting Webinars,113
BlueJeans for Android,114
Insightly CRM,115
QuickBooks Accounting: Invoicing & Expenses,116
HipChat - Chat Built for Teams,117
"MailChimp - Email, Marketing Automation",118
Crew - Free Messaging and Scheduling,119
Asana: organize team projects,120
Google Analytics,121
AdWords Express,122
Accounting App - Zoho Books,123
Tiny Scanner - PDF Scanner App,124
Fast Scanner : Free PDF Scan,125
Mobile Doc Scanner (MDScan) Lite,126
TurboScan: scan documents and receipts in PDF,127
WhatsApp Messenger,128
Messenger for SMS,129
Google Chrome: Fast & Secure,130
Messenger Lite: Free Calls & Messages,131
Gmail,132
Hangouts,133
Firefox Browser fast & private,134
Yahoo Mail – Stay Organized,135
imo free video calls and chat,136
Call Free – Free Call,137
Web Browser & Explorer,138
Opera Mini - fast web browser,139
Xperia Link™,140
TouchPal Keyboard - Fun Emoji & Android Keyboard,141
Skype Lite - Free Video Call & Chat,142
WeChat,143
UC Browser Mini -Tiny Fast Private & Secure,144
Telegram,145
Google Duo - High Quality Video Calls,146
Microsoft Edge,147
Calls & Text by Mo+,148
free video calls and chat,149
BBM - Free Calls & Messages,150
2ndLine - Second Phone Number,151
Google Allo,152
Puffin Web Browser,153
Ghostery Privacy Browser,154
InBrowser - Incognito Browsing,155
DU Browser—Browse fast & fun,156
Lightning Web Browser,157
ExDialer - Dialer & Contacts,158
Full Screen Caller ID,159
Hiya - Caller ID & Block,160
Call Blocker,161
Mr. Number-Block calls & spam,162
Should I Answer?,163
Whoscall - Caller ID & Block,164
CIA - Caller ID & Call Blocker,165
True Contact - Real Caller ID,166
Sync.ME – Caller ID & Block,167
K-9 Mail,168
"myMail – Email for Hotmail, Gmail and Outlook Mail",169
All Email Providers,170
"Newton Mail - Email App for Gmail, Outlook, IMAP",171
Ai La Trieu Phu - ALTP Free,172
Learn Spanish - Español,173
English Grammar Test,174
Speed Reading,175
English for beginners,176
Mermaids,177
Kids Mode,178
Cars Coloring Pages,179
Babbel – Learn Languages,180
Math Tricks,181
Learn English Words Free,182
Japanese / English one-shop search dictionary - Free Japanese - English - Japanese dictionary application,183
English speaking texts,184
ABC Preschool Free,185
Lumosity: #1 Brain Games & Cognitive Training App,186
English with Lingualeo,187
"Learn languages, grammar & vocabulary with Memrise",188
TED,189
Quizlet: Learn Languages & Vocab with Flashcards,190
Coursera: Online courses,191
Lynda - Online Training Videos,192
Brilliant,193
C++ Tutorials,194
C++ Programming,195
C Programming,196
Udemy - Online Courses,197
Learn programming,198
Learn Java,199
Learn HTML,200
"Programming Hub, Learn to code",201
Learn SQL,202
Ready4 SAT (Prep4 SAT),203
Socratic - Math Answers & Homework Help,204
Pocket GMAT Math,205
GRE Tutor,206
GRE Flashcards,207
SAT Test,208
GMAT Math Flashcards,209
Pocket SAT Math,210
GRE Prep & Practice by Magoosh,211
SAT Vocabulary,212
Duolingo: Learn Languages Free,213
"edX - Online Courses by Harvard, MIT & more",214
Rosetta Stone: Learn to Speak & Read New Languages,215
Google Classroom,216
"Learn languages, grammar & vocabulary with Memrise",217
Babbel – Learn Languages,218
Learn English with Phrases,219
Mango Languages: Lovable Language Courses,220
Learn English with Aco,221
Learn to Speak English,222
"Learn languages, grammar & vocabulary with Memrise",223
"busuu: Learn Languages - Spanish, English & More",224
My Class Schedule: Timetable,225
My Study Life - School Planner,226
Next Gen Science Standards,227
myHomework Student Planner,228
Common Core,229
Socrative Teacher,230
Remind: School Communication,231
"HelloTalk — Chat, Speak & Learn Foreign Languages",232
Mango Languages: Lovable Language Courses,233
Innovative: Learn 34 Languages,234
My Class Schedule: Timetable,235
Canvas Student,236
Quizlet: Learn Languages & Vocab with Flashcards,237
SoloLearn: Learn to Code for Free,238
Kids Learn Languages by Mondly,239
Sago Mini Hat Maker,240
Fuzzy Numbers: Pre-K Number Foundation,241
Toca Life: City,242
Toca Life: Hospital,243
YouTube Kids,244
TV+,245
Hotstar,246
StarTimes - Live International Champions Cup,247
MEGOGO - Cinema and TV,248
Talking Angela,249
DStv Now,250
Radio Javan,251
Girly Lock Screen Wallpaper with Quotes,252
"Movies by Flixster, with Rotten Tomatoes",253
Low Poly – Puzzle art game,254
BBC Media Player,255
Amazon Prime Video,256
Adult Glitter Color by Number Book - Sandbox Pages,257
Talking Ben the Dog,258
Trailer Addict Movie Trailers,259
Cinemark Theatres,260
IMDb Movies & TV,261
Netflix,262
Food Network,263
Crunchyroll - Everything Anime,264
STARZ,265
HISTORY: Watch TV Show Full Episodes & Specials,266
FOX NOW - On Demand & Live TV,267
A&E - Watch Full Episodes of TV Shows,268
The CW,269
"Hulu: Stream TV, Movies & more",270
Univision NOW - Live TV and On Demand,271
WWE,272
Universal Kids,273
MTV,274
BET NOW - Watch Shows,275
LEGO® TV,276
Showtime Anytime,277
PlayKids - Educational cartoons and games for kids,278
FOX,279
Tubi TV - Free Movies & TV,280
Vudu Movies & TV,281
Crunchyroll - Everything Anime,282
Food Network,283
Viki: Asian TV Dramas & Movies,284
Redbox,285
Tribeca Shortlist - Handpicked Movies,286
SHOWTIME,287
Lifetime - Watch Full Episodes & Original Movies,288
BET NOW - Watch Shows,289
FOX,290
Telemundo Now,291
Nick Jr. - Shows & Games,292
Sticker Market: Emoji keyboard,293
Viki: Asian TV Dramas & Movies,294
Kidjo TV Kids Have Fun & Learn,295
Laugh Out Loud by Kevin Hart,296
Fandango Movies - Times + Tickets,297
Hamilton — The Official App,298
My Talking Pet,299
Funny Quotes Free,300
"Imgur: Find funny GIFs, memes & watch viral videos",301
Meme Generator,302
SketchBook - draw and paint,303
Colorfy: Coloring Book for Adults - Free,304
ROBLOX,305
Subway Surfers,306
Solitaire,307
Bubble Shooter,308
Hello Kitty Nail Salon,309
slither.io,310
Clash Royale,311
Temple Run 2,312
Helix Jump,313
Block Puzzle,314
Angry Birds Rio,315
Plants vs. Zombies FREE,316
Sonic Dash,317
Candy Crush Soda Saga,318
Zombie Hunter King,319
Clash of Clans,320
Kick the Buddy,321
Block Puzzle Classic Legend !,322
PAC-MAN,323
8 Ball Pool,324
Magic Tiles 3,325
Bubble Witch 3 Saga,326
Word Search,327
Angry Birds Classic,328
Flow Free,329
Race the Traffic Moto,330
Fishdom,331
Galaxy Attack: Alien Shooter,332
Zombie Tsunami,333
Gardenscapes,334
Marble - Temple Quest,335
Shooting King,336
Minion Rush: Despicable Me Official Game,337
Farm Heroes Saga,338
Geometry Dash World,339
Cut the Rope FULL FREE,340
Sniper 3D Gun Shooter: Free Shooting Games - FPS,341
Subway Surfers,342
ROBLOX,343
Clash of Clans,344
Candy Crush Saga,345
Plants vs. Zombies FREE,346
Cooking Fever,347
Toon Blast,348
Score! Hero,349
Toy Blast,350
Wordscapes,351
Fishdom,352
Garena Free Fire,353
Block Puzzle,354
Clash Royale,355
My Talking Tom,356
Granny,357
Zombie Catchers,358
Zombie Tsunami,359
Jungle Marble Blast,360
Rider,361
